{"cameraMode":{"drawMode":0,"name":"Shaded","section":"Shading Mode"},"sceneLighting":false,"audioPlay":false,"sceneViewState":{"showFog":true,"showMaterialUpdate":false,"showSkybox":false,"showFlares":true,"showImageEffects":true,"showParticleSystems":true},"in2DMode":false,"pivot":{"x":-0.030559837818145753,"y":1.225543737411499,"z":-0.0024669766426086427},"rotation":{"x":0.07511023432016373,"y":0.8367429971694946,"z":-0.11856803297996521,"w":0.529450535774231},"size":0.36857786774635317,"orthographic":false}