{"cameraMode":{"drawMode":0,"name":"Shaded","section":"Shading Mode"},"sceneLighting":false,"audioPlay":false,"sceneViewState":{"showFog":true,"showMaterialUpdate":false,"showSkybox":false,"showFlares":true,"showImageEffects":true,"showParticleSystems":true},"in2DMode":false,"pivot":{"x":1123.7684326171875,"y":688.2296142578125,"z":-30.568359375},"rotation":{"x":-0.23306097090244294,"y":0.21739211678504945,"z":-0.051362294703722,"w":-0.9471765160560608},"size":134.53623962402345,"orthographic":false}