{"cameraMode":{"drawMode":0,"name":"Shaded","section":"Shading Mode"},"sceneLighting":false,"audioPlay":false,"sceneViewState":{"showFog":true,"showMaterialUpdate":false,"showSkybox":false,"showFlares":true,"showImageEffects":true,"showParticleSystems":true},"in2DMode":false,"pivot":{"x":0.0004032254219055176,"y":0.9227685928344727,"z":-0.05293627828359604},"rotation":{"x":0.006219812203198671,"y":0.9656396508216858,"z":-0.25926563143730166,"w":0.022510064765810968},"size":1.357051134109497,"orthographic":false}