{"cameraMode":{"drawMode":0,"name":"Shaded","section":"Shading Mode"},"sceneLighting":false,"audioPlay":false,"sceneViewState":{"showFog":true,"showMaterialUpdate":false,"showSkybox":false,"showFlares":true,"showImageEffects":true,"showParticleSystems":true},"in2DMode":false,"pivot":{"x":4.172325134277344e-7,"y":0.8745878338813782,"z":-0.021138697862625123},"rotation":{"x":-0.01050944346934557,"y":0.9756935834884644,"z":-0.21389789879322053,"w":-0.04818658158183098},"size":1.3974510431289673,"orthographic":false}