{"cameraMode":{"drawMode":0,"name":"Shaded","section":"Shading Mode"},"sceneLighting":false,"audioPlay":false,"sceneViewState":{"showFog":true,"showMaterialUpdate":false,"showSkybox":false,"showFlares":true,"showImageEffects":true,"showParticleSystems":true},"in2DMode":false,"pivot":{"x":-20.450008392333986,"y":6.417529106140137,"z":-13.034225463867188},"rotation":{"x":-0.2011372148990631,"y":-0.08955558389425278,"z":0.01871812529861927,"w":-0.9757745265960693},"size":26.043052673339845,"orthographic":false}